道具ID,中文名,舊合成表,俄文名,英文名,品質,來源,可靠度,備註
I039,守護之矛,守护之矛,Копьё стража,Guardian's Spear,任務物品（1/2）,A 沿用舊合成表,高 — 玩家實際用的名字,
I00Z,戰錘,战锤,Боевой молот,War Hammer,任務物品（1/2）,A 沿用舊合成表,高 — 玩家實際用的名字,
I00I,無底瓶,无底瓶,Бездонная фляга,Bottomless Flask,任務物品（1/2）,A 沿用舊合成表,高 — 玩家實際用的名字,
I026,詛咒之盾,诅咒之盾,Боевой щит,Battle Shield,任務物品（1/2）,A 沿用舊合成表,高 — 玩家實際用的名字,
I027,掠奪者之盾,,Щит разорителя,Ravager's Shield,任務物品（2/2）,C 我從俄文翻譯,低 — 沒有官方依據,
I00J,治療之瓶,,Сосуд исцеления,Vessel of Healing,任務物品（2/2）,C 我從俄文翻譯,低 — 沒有官方依據,
I010,灌鉛戰錘,,Освинцованный молот,Leaded Hammer,任務物品（2/2）,C 我從俄文翻譯,低 — 沒有官方依據,
I03C,符文長矛,,Рунное копьё,Runic Spear,任務物品（2/2）,C 我從俄文翻譯,低 — 沒有官方依據,
I02I,信使,,Курьер,Courier,信使,C 我從俄文翻譯,低 — 沒有官方依據,
bspd,冠軍之斧,,Топор чемпиона,Champion's Axe,傳說,C 我從俄文翻譯,低 — 沒有官方依據,
evtl,冠軍之盾,,Щит чемпиона,Champion's Shield,傳說,C 我從俄文翻譯,低 — 沒有官方依據,
brac,冠軍手套,骑士手套,Перчатки чемпиона,Champion's Gloves,傳說,B 我改了名字,中 — 有理由，但請確認,舊表兩件裝備共用「骑士手套」；俄文名已改為 Перчатки чемпиона
clsd,冠軍鎧甲,骑士手套,Доспех чемпиона,Champion's Armor,傳說,B 我改了名字,中 — 有理由，但請確認,舊表兩件裝備共用「骑士手套」，這件其實是鎧甲
bgst,大力神之戒,狩猎女神之戒,Кольцо Геракла,Ring of Heracles,傳說,B 我改了名字,中 — 有理由，但請確認,舊表兩件戒指共用「狩猎女神之戒」；Геракл 是大力神
odef,大法師之褲,,Штаны архимага,Archmage's Trousers,傳說,C 我從俄文翻譯,低 — 沒有官方依據,
rst1,大魔導師項鍊,大魔导师项链,Ожерелье магистра,Magister's Necklace,傳說,A 沿用舊合成表,高 — 玩家實際用的名字,
ssil,完美之靴,,Идеальные сапоги,Perfect Boots,傳說,C 我從俄文翻譯,低 — 沒有官方依據,
gcel,惡魔短刀,,Демонические ножи,Demonic Knives,傳說,C 我從俄文翻譯,低 — 沒有官方依據,
stel,狩獵女神之戒,狩猎女神之戒,Кольцо Артемиды,Ring of Artemis,傳說,A 沿用舊合成表,高 — 玩家實際用的名字,
lhst,規律女神之戒,规律女神之戒,Кольцо Фемиды,Ring of Themis,傳說,A 沿用舊合成表,高 — 玩家實際用的名字,
fgdg,拜亞基之爪,,Коготь бьякхи,Byakhee's Claw,儀式,C 我從俄文翻譯,低 — 沒有官方依據,
pdiv,海之混沌,,Морской хаос,Sea Chaos,儀式,C 我從俄文翻譯,低 — 沒有官方依據,
ram1,深淵之矛,,Копьё глубин,Spear of the Depths,儀式,C 我從俄文翻譯,低 — 沒有官方依據,
sand,深淵菌菇,,Глубинный гриб,Deep Mushroom,儀式,C 我從俄文翻譯,低 — 沒有官方依據,
pres,漩渦之盾,,Щит водоворота,Shield of the Maelstrom,儀式,C 我從俄文翻譯,低 — 沒有官方依據,
pgma,災厄之錘,,Молот бедствий,Hammer of Calamity,儀式,C 我從俄文翻譯,低 — 沒有官方依據,
sror,碎裂螯肢,,Сокрушающий хелицер,Crushing Chelicera,儀式,C 我從俄文翻譯,低 — 沒有官方依據,
srrc,紫緋,,Порфира,Porphyra,儀式,C 我從俄文翻譯,低 — 沒有官方依據,
sres,觀察者,,Наблюдатель,Observer,儀式,C 我從俄文翻譯,低 — 沒有官方依據,
pghe,輝耀之石,,Сияющий камень,Radiant Stone,儀式,C 我從俄文翻譯,低 — 沒有官方依據,
totw,遺跡石板,,Реликтовая скрижаль,Relic Tablet,儀式,C 我從俄文翻譯,低 — 沒有官方依據,
nflg,復仇之盾,,Щит возмездия,Shield of Retribution,完美,C 我從俄文翻譯,低 — 沒有官方依據,
pspd,科技之錘,,Техномолот,Technohammer,完美,C 我從俄文翻譯,低 — 沒有官方依據,
pams,返老還童藥劑,,Омолаживающая вытяжка,Rejuvenating Extract,完美,C 我從俄文翻譯,低 — 沒有官方依據,
stpg,隕星長矛,,Метеоритное копьё,Meteorite Spear,完美,C 我從俄文翻譯,低 — 沒有官方依據,
lmbr,紅寶石,,Рубин,Ruby,寶石,C 我從俄文翻譯,低 — 沒有官方依據,
rma2,純淨紅寶石,,Очищенный рубин,Purified Ruby,寶石,C 我從俄文翻譯,低 — 沒有官方依據,
sor5,純淨紫水晶,,Очищенный аметист,Purified Amethyst,寶石,C 我從俄文翻譯,低 — 沒有官方依據,
sor2,純淨翡翠,,Очищенный изумруд,Purified Emerald,寶石,C 我從俄文翻譯,低 — 沒有官方依據,
sor3,純淨藍寶石,,Очищенный сапфир,Purified Sapphire,寶石,C 我從俄文翻譯,低 — 沒有官方依據,
sor4,純淨蛋白石,,Очищенный опал,Purified Opal,寶石,C 我從俄文翻譯,低 — 沒有官方依據,
tpow,紫水晶,,Аметист,Amethyst,寶石,C 我從俄文翻譯,低 — 沒有官方依據,
gomn,翡翠,,Изумруд,Emerald,寶石,C 我從俄文翻譯,低 — 沒有官方依據,
gfor,藍寶石,,Сапфир,Sapphire,寶石,C 我從俄文翻譯,低 — 沒有官方依據,
guvi,金蛋白石,,Золотой опал,Golden Opal,寶石,C 我從俄文翻譯,低 — 沒有官方依據,
esaz,不穩定卷軸,不稳定卷轴,Нестабильный свиток,Unstable Scroll,強化,A 沿用舊合成表,高 — 玩家實際用的名字,
blba,升級卷軸,升级卷轴,Свиток улучшения,Scroll of Upgrade,強化,A 沿用舊合成表,高 — 玩家實際用的名字,
rhe3,寶石轉化器,,Преобразователь самоцветов,Gem Transmuter,強化,C 我從俄文翻譯,低 — 沒有官方依據,
flag,強化卷軸,强化卷轴,Свиток усиления,Scroll of Empowerment,強化,A 沿用舊合成表,高 — 玩家實際用的名字,
plcl,扭曲卷軸,扭曲卷轴,Свиток искажения,Scroll of Distortion,強化,A 沿用舊合成表,高 — 玩家實際用的名字,
tbsm,折射卷軸,折射卷轴,Свиток преломления,Scroll of Refraction,強化,A 沿用舊合成表,高 — 玩家實際用的名字,
ofir,淬火卷軸,淬火卷轴,Свиток закаливания,Scroll of Tempering,強化,A 沿用舊合成表,高 — 玩家實際用的名字,
I00D,珠寶匠工具組,,Набор ювелира,Jeweler's Kit,強化,C 我從俄文翻譯,低 — 沒有官方依據,
pclr,覺醒卷軸,觉醒卷轴,Свиток пробуждения,Scroll of Awakening,強化,A 沿用舊合成表,高 — 玩家實際用的名字,
sksh,轉化卷軸,转化卷轴,Свиток преобразования,Scroll of Transmutation,強化,A 沿用舊合成表,高 — 玩家實際用的名字,
phlt,光之環,,Световой обруч,Circlet of Light,復活節,C 我從俄文翻譯,低 — 沒有官方依據,
gmfr,勇氣徽記,,Эмблема отваги,Emblem of Courage,復活節,C 我從俄文翻譯,低 — 沒有官方依據,
thle,反射鎧甲,,Отражающий доспех,Reflecting Armor,復活節,C 我從俄文翻譯,低 — 沒有官方依據,
dphe,天使之劍,,Меч ангела,Angel's Sword,復活節,C 我從俄文翻譯,低 — 沒有官方依據,
sorf,太陽石,,Солнечный камень,Sunstone,復活節,C 我從俄文翻譯,低 — 沒有官方依據,
glsk,治癒之球,,Сфера исцеления,Sphere of Healing,復活節,C 我從俄文翻譯,低 — 沒有官方依據,
kymn,熾熱之刃,,Раскаленное лезвие,Scorching Blade,復活節,C 我從俄文翻譯,低 — 沒有官方依據,
kybl,矮妖金幣,,Монетка лепрекона,Leprechaun's Coin,復活節,C 我從俄文翻譯,低 — 沒有官方依據,
skrt,聖殿騎士之錘,,Молот храмовника,Templar's Hammer,復活節,C 我從俄文翻譯,低 — 沒有官方依據,
k3m1,聖殿騎士吊墜,,Подвеска храмовника,Templar's Pendant,復活節,C 我從俄文翻譯,低 — 沒有官方依據,
dthb,青銅之拳,,Бронзовый кулак,Bronze Fist,復活節,C 我從俄文翻譯,低 — 沒有官方依據,
wtlg,飛行之靴,,Сапоги полёта,Boots of Flight,復活節,C 我從俄文翻譯,低 — 沒有官方依據,
mcri,傳送權杖,传送权杖,Изящный посох,Elegant Staff,扭曲,A 沿用舊合成表,高 — 玩家實際用的名字,
pnvl,冥界之盾,冥界之盾,Щит загробника,Gravekeeper's Shield,扭曲,A 沿用舊合成表,高 — 玩家實際用的名字,
pgin,奧術精華,奥术精华,Эссенция арканы,Arcane Essence,扭曲,A 沿用舊合成表,高 — 玩家實際用的名字,
shas,專注之戒,专注之戒,Кольцо концентрации,Ring of Concentration,扭曲,A 沿用舊合成表,高 — 玩家實際用的名字,
wneu,巨人頭盔,巨人头盔,Шлем исполина,Giant's Helm,扭曲,A 沿用舊合成表,高 — 玩家實際用的名字,
spro,帝王之劍,帝王之剑,Меч Императора,Emperor's Sword,扭曲,A 沿用舊合成表,高 — 玩家實際用的名字,
phea,干將,干将,Меч-кладенец,Kladenets Sword,扭曲,A 沿用舊合成表,高 — 玩家實際用的名字,
tret,捕夢網,辉煌法杖,Ловец снов,Dreamcatcher,扭曲,B 我改了名字,中 — 有理由，但請確認,舊表兩件法杖共用「辉煌法杖」，這件是另一件
sneg,暗夜之刃,暗夜之刃,Теневое лезвие,Shadow Blade,扭曲,A 沿用舊合成表,高 — 玩家實際用的名字,
ssan,榮譽頭盔,荣誉头盔,Шлем чести,Helm of Honor,扭曲,A 沿用舊合成表,高 — 玩家實際用的名字,
hslv,熔岩之劍,熔岩之剑,Лавовый меч,Lava Sword,扭曲,A 沿用舊合成表,高 — 玩家實際用的名字,
skul,爆裂之刃,爆裂之刃,Кацбальгер,Katzbalger,扭曲,A 沿用舊合成表,高 — 玩家實際用的名字,
wneg,爆裂十字弩,爆裂十字弩,Арбалет-болтер,Bolter Crossbow,扭曲,A 沿用舊合成表,高 — 玩家實際用的名字,
pinv,神祕之戒,神秘之戒,Мистическое кольцо,Mystic Ring,扭曲,A 沿用舊合成表,高 — 玩家實際用的名字,
tsct,禁忌契約,禁忌契约,Запретный трактат,Forbidden Treatise,扭曲,A 沿用舊合成表,高 — 玩家實際用的名字,
silk,紅寶石權杖,红宝石权杖,Рубиновый жезл,Ruby Wand,扭曲,A 沿用舊合成表,高 — 玩家實際用的名字,
fwss,荊棘戒指,荆棘戒指,Кольцо шипов,Ring of Thorns,扭曲,A 沿用舊合成表,高 — 玩家實際用的名字,
shdt,血獵狼爪,血猎狼爪,Коготь волкодава,Wolfhound's Claw,扭曲,A 沿用舊合成表,高 — 玩家實際用的名字,
shea,裂隙權杖,扭曲权杖,Скипетр разлома,Scepter of the Rift,扭曲,B 我改了名字,中 — 有理由，但請確認,俄文名已從 Скипетр Искажения 改為 Скипетр разлома
sman,輝煌法杖,辉煌法杖,Сияющий посох,Radiant Staff,扭曲,A 沿用舊合成表,高 — 玩家實際用的名字,
stwp,追暮之弓,追暮之弓,Лук сумеречного преследователя,Twilight Stalker's Bow,扭曲,A 沿用舊合成表,高 — 玩家實際用的名字,
rnec,金色王冠,金色王冠,Золотая диадема,Golden Diadem,扭曲,A 沿用舊合成表,高 — 玩家實際用的名字,
tgrh,間隔礫石,间隔砾石,Интервальный гравий,Interval Gravel,扭曲,A 沿用舊合成表,高 — 玩家實際用的名字,
pman,雄獅鎧甲,雄狮铠甲,Львиный панцирь,Lion Cuirass,扭曲,A 沿用舊合成表,高 — 玩家實際用的名字,
tcas,魔法齒輪,魔法齿轮,Волшебная шестеренка,Enchanted Gear,扭曲,A 沿用舊合成表,高 — 玩家實際用的名字,
sor1,魔術師的面具,魔术师的面具,Маска фокусника,Illusionist's Mask,扭曲,A 沿用舊合成表,高 — 玩家實際用的名字,
sreg,黑暗人參,黑暗人参,Густая Тьма,Thick Darkness,扭曲,A 沿用舊合成表,高 — 玩家實際用的名字,
moon,黑暗水晶,黑暗水晶,Кристалл тьмы,Crystal of Darkness,扭曲,A 沿用舊合成表,高 — 玩家實際用的名字,
vamp,龍之護符,龙之护符,Драконий оберег,Dragon Charm,扭曲,A 沿用舊合成表,高 — 玩家實際用的名字,
wild,劊子手的救贖,魔法金汤,Искупление палача,Executioner's Redemption,折射,B 我改了名字,中 — 有理由，但請確認,舊表兩件裝備共用「魔法金汤」，這件是另一件
infs,巫師之災,巫师之灾,Бич чародеев,Scourge of Sorcerers,折射,A 沿用舊合成表,高 — 玩家實際用的名字,
wlsd,庇護者,庇护者,Заступник,Protector,折射,A 沿用舊合成表,高 — 玩家實際用的名字,
pnvu,毀滅之錘,毁灭之锤,Молот разрушения,Hammer of Destruction,折射,A 沿用舊合成表,高 — 玩家實際用的名字,
pomn,泰坦的復仇,泰坦的复仇,Возмездие титана,Titan's Vengeance,折射,A 沿用舊合成表,高 — 玩家實際用的名字,
wcyc,深淵之盾,深渊之盾,Щит глубин,Shield of the Depths,折射,A 沿用舊合成表,高 — 玩家實際用的名字,
fgsk,湛藍精華,湛蓝精华,Лазурный ихор,Azure Ichor,折射,A 沿用舊合成表,高 — 玩家實際用的名字,
ankh,熾天使長矛,炽天使长矛,Копье серафима,Seraph's Spear,折射,A 沿用舊合成表,高 — 玩家實際用的名字,
will,痛苦之鏡,痛苦之镜,Зеркало мучений,Mirror of Torment,折射,A 沿用舊合成表,高 — 玩家實際用的名字,
rej3,碎界,碎界,Коллапс,Collapse,折射,A 沿用舊合成表,高 — 玩家實際用的名字,
fgrg,裂魂之刃,裂魂之刃,Раскалыватель,Sunderer,折射,A 沿用舊合成表,高 — 玩家實際用的名字,
hlst,銀器,银器,Сильвер,Silver,折射,A 沿用舊合成表,高 — 玩家實際用的名字,
wshs,鋼鐵守護者,钢铁守护者,Железный страж,Iron Sentinel,折射,A 沿用舊合成表,高 — 玩家實際用的名字,
wswd,鋼鐵守護者（啟動）,,Железный страж (активен),Iron Sentinel (active),折射,C 我從俄文翻譯,低 — 沒有官方依據,
whwd,靈丹妙藥,灵丹妙药,Панацея,Panacea,折射,A 沿用舊合成表,高 — 玩家實際用的名字,
mnst,魔法小瓶,魔法小瓶,Пустой сосуд,Empty Vessel,折射,A 沿用舊合成表,高 — 玩家實際用的名字,
woms,魔法金湯,魔法金汤,Магический тоник,Magic Tonic,折射,A 沿用舊合成表,高 — 玩家實際用的名字,
mort,冰晶石,,Криолит,Cryolite,新年,C 我從俄文翻譯,低 — 沒有官方依據,
kygh,凜冽之刃,,Хладный клинок,Chill Blade,新年,C 我從俄文翻譯,低 — 沒有官方依據,
engs,利維坦,,Левиафан,Leviathan,新年,C 我從俄文翻譯,低 — 沒有官方依據,
k3m3,嚴寒法杖,,Посох стужи,Staff of Frost,新年,C 我從俄文翻譯,低 — 沒有官方依據,
wolg,寒冬帷幕,,Зимний покров,Winter Shroud,新年,C 我從俄文翻譯,低 — 沒有官方依據,
gopr,寒冰之爪,,Ледяные когти,Ice Claws,新年,C 我從俄文翻譯,低 — 沒有官方依據,
shwd,寒冰鎧甲,,Ледяной доспех,Ice Armor,新年,C 我從俄文翻譯,低 — 沒有官方依據,
ktrm,極光,,Полярное сияние,Aurora,新年,C 我從俄文翻譯,低 — 沒有官方依據,
k3m2,液態冰,,Жидкий лёд,Liquid Ice,新年,C 我從俄文翻譯,低 — 沒有官方依據,
dkfw,豐饒之枝,,Ветвь благоденствия,Branch of Prosperity,新年,C 我從俄文翻譯,低 — 沒有官方依據,
ledg,雪花,,Снегоцвет,Snowbloom,新年,C 我從俄文翻譯,低 — 沒有官方依據,
mgtk,魔法松針,,Волшебная хвоя,Magic Needles,新年,C 我從俄文翻譯,低 — 沒有官方依據,
I005,力量戒指,力量戒指,Кольцо силы,Ring of Strength,普通,A 沿用舊合成表,高 — 玩家實際用的名字,
I01T,平紋褲,平纹裤,Простые штаны,Simple Trousers,普通,A 沿用舊合成表,高 — 玩家實際用的名字,
I00C,敏捷戒指,敏捷戒指,Кольцо ловкости,Ring of Agility,普通,A 沿用舊合成表,高 — 玩家實際用的名字,
I02J,普通手套,普通手套,Простые перчатки,Simple Gloves,普通,A 沿用舊合成表,高 — 玩家實際用的名字,
I013,普通靴子,,Простые сапоги,Simple Boots,普通,C 我從俄文翻譯,低 — 沒有官方依據,
I001,智力戒指,智力戒指,Кольцо разума,Ring of Intellect,普通,A 沿用舊合成表,高 — 玩家實際用的名字,
I00K,簡易斧頭,,Простой топор,Simple Axe,普通,C 我從俄文翻譯,低 — 沒有官方依據,
I01N,簡易盔甲,简易盔甲,Простой доспех,Simple Armor,普通,A 沿用舊合成表,高 — 玩家實際用的名字,
I01I,簡易短刀,,Простые ножи,Simple Knives,普通,C 我從俄文翻譯,低 — 沒有官方依據,
I00U,粗糙盾牌,粗糙盾牌,Простой щит,Simple Shield,普通,A 沿用舊合成表,高 — 玩家實際用的名字,
I018,粗糙項鍊,粗糙项链,Простое ожерелье,Simple Necklace,普通,A 沿用舊合成表,高 — 玩家實際用的名字,
I011,包裹,,Посылка,Parcel,消耗品／掉落物,C 我從俄文翻譯,低 — 沒有官方依據,
I080,地基 lv.1,,Фундамент ур. 1,Foundation lv.1,消耗品／掉落物,C 我從俄文翻譯,低 — 沒有官方依據,
I07Z,地基 lv.2,,Фундамент ур. 2,Foundation lv.2,消耗品／掉落物,C 我從俄文翻譯,低 — 沒有官方依據,
I09C,地基 lv.3,,Фундамент ур. 3,Foundation lv.3,消耗品／掉落物,C 我從俄文翻譯,低 — 沒有官方依據,
I09D,地基 lv.4,,Фундамент ур. 4,Foundation lv.4,消耗品／掉落物,C 我從俄文翻譯,低 — 沒有官方依據,
I09E,地基 lv.5,,Фундамент ур. 5,Foundation lv.5,消耗品／掉落物,C 我從俄文翻譯,低 — 沒有官方依據,
I012,大包裹,,Большая посылка,Large Parcel,消耗品／掉落物,C 我從俄文翻譯,低 — 沒有官方依據,
texp,水晶碎片,,Хрустальный осколок,Crystal Shard,消耗品／掉落物,C 我從俄文翻譯,低 — 沒有官方依據,
I00H,法力藥水,,Зелье маны,Mana Potion,消耗品／掉落物,C 我從俄文翻譯,低 — 沒有官方依據,
manh,海藍寶石（+50 HP）,,Аквамарин (+50 HP),Aquamarine (+50 HP),消耗品／掉落物,C 我從俄文翻譯,低 — 沒有官方依據,
I00G,生命藥水,,Зелье здоровья,Health Potion,消耗品／掉落物,C 我從俄文翻譯,低 — 沒有官方依據,
rhe1,相位石（+10 技能強度）,,Фазионит (+10 сила умений),Phasionite (+10 spell power),消耗品／掉落物,C 我從俄文翻譯,低 — 沒有官方依據,
rdis,相位石（+15 技能強度）,,Фазионит (+15 сила умений),Phasionite (+15 spell power),消耗品／掉落物,C 我從俄文翻譯,低 — 沒有官方依據,
rre1,相位石（+5 技能強度）,,Фазионит (+5 сила умений),Phasionite (+5 spell power),消耗品／掉落物,C 我從俄文翻譯,低 — 沒有官方依據,
I08M,禮物,,Подарок,Gift,消耗品／掉落物,C 我從俄文翻譯,低 — 沒有官方依據,
tst2,紅色碎塊（+2 力量）,,Красный фрагмент (+2 сила),Red Fragment (+2 STR),消耗品／掉落物,C 我從俄文翻譯,低 — 沒有官方依據,
rwat,紅色碎屑（+3 力量）,,Красный обломок (+3 сила),Red Chunk (+3 STR),消耗品／掉落物,C 我從俄文翻譯,低 — 沒有官方依據,
tstr,紅色碎片（+1 力量）,,Красный осколок (+1 сила),Red Shard (+1 STR),消耗品／掉落物,C 我從俄文翻譯,低 — 沒有官方依據,
rej6,經驗,,*Опыт*,Experience,消耗品／掉落物,C 我從俄文翻譯,低 — 沒有官方依據,
tdx2,綠色碎塊（+2 敏捷）,,Зеленый фрагмент (+2 ловкость),Green Fragment (+2 AGI),消耗品／掉落物,C 我從俄文翻譯,低 — 沒有官方依據,
rspd,綠色碎屑（+3 敏捷）,,Зеленый обломок (+3 ловкость),Green Chunk (+3 AGI),消耗品／掉落物,C 我從俄文翻譯,低 — 沒有官方依據,
tdex,綠色碎片（+1 敏捷）,,Зеленый осколок (+1 ловкость),Green Shard (+1 AGI),消耗品／掉落物,C 我從俄文翻譯,低 — 沒有官方依據,
tin2,藍色碎塊（+2 智力）,,Синий фрагмент (+2 разум),Blue Fragment (+2 INT),消耗品／掉落物,C 我從俄文翻譯,低 — 沒有官方依據,
rspl,藍色碎屑（+3 智力）,,Синий обломок (+3 разум),Blue Chunk (+3 INT),消耗品／掉落物,C 我從俄文翻譯,低 — 沒有官方依據,
tint,藍色碎片（+1 智力）,,Синий осколок (+1 разум),Blue Shard (+1 INT),消耗品／掉落物,C 我從俄文翻譯,低 — 沒有官方依據,
rman,金幣（+100）,,Золото (+100),Gold (+100),消耗品／掉落物,C 我從俄文翻譯,低 — 沒有官方依據,
rreb,金幣（+150）,,Золото (+150),Gold (+150),消耗品／掉落物,C 我從俄文翻譯,低 — 沒有官方依據,
rres,金幣（+35）,,Золото (+35),Gold (+35),消耗品／掉落物,C 我從俄文翻譯,低 — 沒有官方依據,
rsps,金幣（+50）,,Золото (+50),Gold (+50),消耗品／掉落物,C 我從俄文翻譯,低 — 沒有官方依據,
rhe2,金幣（+75）,,Золото (+75),Gold (+75),消耗品／掉落物,C 我從俄文翻譯,低 — 沒有官方依據,
I0AH,驚喜包,,Сюрприз,Surprise,消耗品／掉落物,C 我從俄文翻譯,低 — 沒有官方依據,
I09U,魔法禮物,,Волшебный подарок,Magic Gift,消耗品／掉落物,C 我從俄文翻譯,低 — 沒有官方依據,
shen,劊子手面具,,Маска палача,Executioner's Mask,淬鍊,C 我從俄文翻譯,低 — 沒有官方依據,
arsh,天使護符,,Амулет ангела,Angel's Amulet,淬鍊,C 我從俄文翻譯,低 — 沒有官方依據,
oflg,奇術師法杖,,Посох кудесника,Enchanter's Staff,淬鍊,C 我從俄文翻譯,低 — 沒有官方依據,
tlum,戰爭號角,,Рог войны,Horn of War,淬鍊,C 我從俄文翻譯,低 — 沒有官方依據,
thdm,戰鬥軍旗,,Боевой штандарт,Battle Standard,淬鍊,C 我從俄文翻譯,低 — 沒有官方依據,
kgal,抗魔手環,,Антимагические браслеты,Antimagic Bracers,淬鍊,C 我從俄文翻譯,低 — 沒有官方依據,
schl,潛能覺醒,潜能觉醒,Раскрытый потенциал,Unlocked Potential,淬鍊,A 沿用舊合成表,高 — 玩家實際用的名字,
ocor,精金鶴嘴鎬,,Адамантовая кирка,Adamantite Pickaxe,淬鍊,C 我從俄文翻譯,低 — 沒有官方依據,
envl,躍遷,,Варп,Warp,淬鍊,C 我從俄文翻譯,低 — 沒有官方依據,
anfg,風暴權杖,,Скипетр бури,Scepter of Storms,淬鍊,C 我從俄文翻譯,低 — 沒有官方依據,
frgd,五行吊墜,五行吊坠,Подвеска защиты,Warding Pendant,特殊（lv.1）,A 沿用舊合成表,高 — 玩家實際用的名字,
nspi,亡者之劍,亡者之剑,Меч мертвеца,Deadman's Sword,特殊（lv.1）,A 沿用舊合成表,高 — 玩家實際用的名字,
srbd,侍僧披風,,Накидка адепта,Adept's Cloak,特殊（lv.1）,C 我從俄文翻譯,低 — 沒有官方依據,
frhg,儀式匕首,仪式匕首,Ритуальный кинжал,Ritual Dagger,特殊（lv.1）,A 沿用舊合成表,高 — 玩家實際用的名字,
dust,儀式聖杯,仪式圣杯,Проклятая чаша,Cursed Chalice,特殊（lv.1）,A 沿用舊合成表,高 — 玩家實際用的名字,
rej4,刺刀,刺刀,Штык,Bayonet,特殊（lv.1）,A 沿用舊合成表,高 — 玩家實際用的名字,
scul,十字軍的護符,十字军的护符,Талисман крестоносца,Crusader's Talisman,特殊（lv.1）,A 沿用舊合成表,高 — 玩家實際用的名字,
lnrn,喬木之斧,乔木之斧,Заросший топор,Overgrown Axe,特殊（lv.1）,A 沿用舊合成表,高 — 玩家實際用的名字,
lure,回復之戒,,Кольцо регенерации,Ring of Regeneration,特殊（lv.1）,C 我從俄文翻譯,低 — 沒有官方依據,
tgxp,奶酪,奶酪,Сыр,Cheese,特殊（lv.1）,A 沿用舊合成表,高 — 玩家實際用的名字,
rej5,念珠,念珠,Чётки,Prayer Beads,特殊（lv.1）,A 沿用舊合成表,高 — 玩家實際用的名字,
mlst,掠奪者之劍,掠夺者之剑,Меч разорителя,Ravager's Sword,特殊（lv.1）,A 沿用舊合成表,高 — 玩家實際用的名字,
rde0,提神藥劑,,Бодрящая настойка,Invigorating Tincture,特殊（lv.1）,C 我從俄文翻譯,低 — 沒有官方依據,
rej1,旅人之靴,,Сапоги странника,Wanderer's Boots,特殊（lv.1）,C 我從俄文翻譯,低 — 沒有官方依據,
drph,旅人披風,,Накидка странника,Wanderer's Cloak,特殊（lv.1）,C 我從俄文翻譯,低 — 沒有官方依據,
stre,死靈法師之杖,,Жезл некроманта,Necromancer's Wand,特殊（lv.1）,C 我從俄文翻譯,低 — 沒有官方依據,
crdt,決鬥者之書,,Книга дуэлянта,Duelist's Book,特殊（lv.1）,C 我從俄文翻譯,低 — 沒有官方依據,
jdrn,沼澤法杖,,Посох болотника,Swamp Staff,特殊（lv.1）,C 我從俄文翻譯,低 — 沒有官方依據,
rump,法師之戒,法师之戒,Кольцо мага,Mage's Ring,特殊（lv.1）,A 沿用舊合成表,高 — 玩家實際用的名字,
rugt,獵人皮襖,,Полушубок охотника,Hunter's Coat,特殊（lv.1）,C 我從俄文翻譯,低 — 沒有官方依據,
rnsp,生鏽頭盔,生锈头盔,Ржавый шлем,Rusty Helmet,特殊（lv.1）,A 沿用舊合成表,高 — 玩家實際用的名字,
shrs,瘟疫之根,,Чумные корни,Plague Roots,特殊（lv.1）,C 我從俄文翻譯,低 — 沒有官方依據,
klmm,皮革手套,,Кожаные перчатки,Leather Gloves,特殊（lv.1）,C 我從俄文翻譯,低 — 沒有官方依據,
gvsm,石英法杖,魔石法杖,Жезл с кварцом,Quartz Wand,特殊（lv.1）,B 我改了名字,中 — 有理由，但請確認,俄文名已從 Жезл с зачарованным кварцом 改為 Жезл с кварцом
rej2,翡翠吊墜,,Кулон с изумрудом,Emerald Pendant,特殊（lv.1）,C 我從俄文翻譯,低 — 沒有官方依據,
vddl,蠻族之盾,,Щит варвара,Barbarian Shield,特殊（lv.1）,C 我從俄文翻譯,低 — 沒有官方依據,
tels,詛咒之金,,Проклятое золото,Cursed Gold,特殊（lv.1）,C 我從俄文翻譯,低 — 沒有官方依據,
sfog,釘頭錘,,Булава,Mace,特殊（lv.1）,C 我從俄文翻譯,低 — 沒有官方依據,
sprn,鍛造胸甲,,Кованый нагрудник,Forged Breastplate,特殊（lv.1）,C 我從俄文翻譯,低 — 沒有官方依據,
oli2,附魔護符,,Заколдованный талисман,Enchanted Talisman,特殊（lv.1）,C 我從俄文翻譯,低 — 沒有官方依據,
fgun,預言者寶珠,,Сфера предсказателя,Seer's Orb,特殊（lv.1）,C 我從俄文翻譯,低 — 沒有官方依據,
I04H,信使涼鞋,,Сандалии гонца,Courier's Sandals,特殊（lv.2）,C 我從俄文翻譯,低 — 沒有官方依據,
I04D,儀式之書,,Книга о ритуалах,Book of Rituals,特殊（lv.2）,C 我從俄文翻譯,低 — 沒有官方依據,
I08F,利斧,利斧,Алебарда,Halberd,特殊（lv.2）,A 沿用舊合成表,高 — 玩家實際用的名字,
I05Z,刺客之刺,刺客之刺,Жало убийцы,Assassin's Sting,特殊（lv.2）,A 沿用舊合成表,高 — 玩家實際用的名字,
I073,力量吊墜,力量吊坠,Подвеска силы,Pendant of Strength,特殊（lv.2）,A 沿用舊合成表,高 — 玩家實際用的名字,
I0AV,太陽之書,太阳之书,Книга солнца,Book of the Sun,特殊（lv.2）,A 沿用舊合成表,高 — 玩家實際用的名字,
I04F,女巫帽,女巫帽,Ведьмина шляпа,Witch's Hat,特殊（lv.2）,A 沿用舊合成表,高 — 玩家實際用的名字,
I01K,守衛之斧,,Топор стража,Guardian's Axe,特殊（lv.2）＋英勇,C 我從俄文翻譯,低 — 沒有官方依據,
I095,守衛徽章,,Медальон стража,Guardian's Medallion,特殊（lv.2）＋英勇,C 我從俄文翻譯,低 — 沒有官方依據,
I08G,強化之靴,,Укрепленные сапоги,Reinforced Boots,特殊（lv.2）,C 我從俄文翻譯,低 — 沒有官方依據,
I00W,戰弓,,Боевой лук,War Bow,特殊（lv.2）,C 我從俄文翻譯,低 — 沒有官方依據,
I074,敏捷吊墜,敏捷吊坠,Подвеска ловкости,Pendant of Agility,特殊（lv.2）,A 沿用舊合成表,高 — 玩家實際用的名字,
I075,智力吊墜,智力吊坠,Подвеска разума,Pendant of Intellect,特殊（lv.2）,A 沿用舊合成表,高 — 玩家實際用的名字,
I08W,檢察官的斗篷,检察官的斗篷,Мантия инквизитора,Inquisitor's Mantle,特殊（lv.2）,A 沿用舊合成表,高 — 玩家實際用的名字,
I05C,玄鐵手套,玄铁手套,Железная рукавица,Iron Gauntlet,特殊（lv.2）,A 沿用舊合成表,高 — 玩家實際用的名字,
I01S,王室徽記,,Королевский жетон,Royal Token,特殊（lv.2）＋英勇,C 我從俄文翻譯,低 — 沒有官方依據,
I015,短刃,,Короткий клинок,Short Blade,特殊（lv.2）,C 我從俄文翻譯,低 — 沒有官方依據,
I01Q,能量符文,,Руна энергии,Rune of Energy,特殊（lv.2）＋風暴,C 我從俄文翻譯,低 — 沒有官方依據,
I05U,血污,血污,Орудие убийства,Murder Weapon,特殊（lv.2）,A 沿用舊合成表,高 — 玩家實際用的名字,
I04C,迷霧之矛,迷雾之矛,Копье тумана,Mist Spear,特殊（lv.2）,A 沿用舊合成表,高 — 玩家實際用的名字,
I08U,遊俠之弓,,Лук следопыта,Ranger's Bow,特殊（lv.2）,C 我從俄文翻譯,低 — 沒有官方依據,
I01V,邪教徒披風,,Накидка культиста,Cultist's Cloak,特殊（lv.2）＋深淵,C 我從俄文翻譯,低 — 沒有官方依據,
I072,重盾,重盾,Тяжелый щит,Heavy Shield,特殊（lv.2）,A 沿用舊合成表,高 — 玩家實際用的名字,
I09O,鍍金項鍊,,Позолоченное ожерелье,Gilded Necklace,特殊（lv.2）,C 我從俄文翻譯,低 — 沒有官方依據,
I06Z,鏡面項鍊,,Зеркальное ожерелье,Mirror Necklace,特殊（lv.2）,C 我從俄文翻譯,低 — 沒有官方依據,
I00X,陳舊甲殼,陈旧甲壳,Старый панцирь,Old Carapace,特殊（lv.2）,A 沿用舊合成表,高 — 玩家實際用的名字,
I097,風暴侍僧長袍,,Одеяние адепта Бури,Storm Adept's Robe,特殊（lv.2）＋風暴,C 我從俄文翻譯,低 — 沒有官方依據,
I08Z,魔化藥瓶,,Бутыль чаролития,Flask of Sorcery,特殊（lv.2）,C 我從俄文翻譯,低 — 沒有官方依據,
I084,魔法師之帽,,Шляпа волшебника,Wizard's Hat,特殊（lv.2）,C 我從俄文翻譯,低 — 沒有官方依據,
I01L,魔法漿果,,Магические ягоды,Magic Berries,特殊（lv.2）,C 我從俄文翻譯,低 — 沒有官方依據,
I04W,鷹之匕首,仪式圣杯,Кинжал ястреба,Hawk Dagger,特殊（lv.2）,B 我改了名字,中 — 有理由，但請確認,舊表兩件裝備共用「仪式圣杯」，這件是另一件
I00L,黑暗匕首,,Темный кинжал,Dark Dagger,特殊（lv.2）＋深淵,C 我從俄文翻譯,低 — 沒有官方依據,
I050,黑暗精華,,Темная эссенция,Dark Essence,特殊（lv.2）＋深淵,C 我從俄文翻譯,低 — 沒有官方依據,
I05I,黑魔法師披風,,Накидка темного мага,Dark Mage's Cloak,特殊（lv.2）,C 我從俄文翻譯,低 — 沒有官方依據,
I05G,位移匕首,,Кинжал сдвига,Dagger of Shifting,特殊（lv.3）,C 我從俄文翻譯,低 — 沒有官方依據,
I04B,守衛之劍,,Меч стража,Guardian's Sword,特殊（lv.3）＋英勇,C 我從俄文翻譯,低 — 沒有官方依據,
I04A,守衛之盾,,Щит стража,Guardian's Shield,特殊（lv.3）＋英勇,C 我從俄文翻譯,低 — 沒有官方依據,
I00R,寒冷之刃,,Холодное лезвие,Cold Blade,特殊（lv.3）,C 我從俄文翻譯,低 — 沒有官方依據,
I01C,尖刺手套,,Шипованные перчатки,Spiked Gloves,特殊（lv.3）,C 我從俄文翻譯,低 — 沒有官方依據,
I05R,屍毒,,Трупный яд,Corpse Venom,特殊（lv.3）,C 我從俄文翻譯,低 — 沒有官方依據,
I003,戰鬥砍刀,,Боевое мачете,Combat Machete,特殊（lv.3）,C 我從俄文翻譯,低 — 沒有官方依據,
I07I,治療藥劑,,Целебная настойка,Healing Tincture,特殊（lv.3）,C 我從俄文翻譯,低 — 沒有官方依據,
I014,法力之石,,Камень маны,Mana Stone,特殊（lv.3）,C 我從俄文翻譯,低 — 沒有官方依據,
I06W,法力催化劑,法力催化剂,Манакатализатор,Mana Catalyst,特殊（lv.3）,A 沿用舊合成表,高 — 玩家實際用的名字,
I01O,法力鋼,,Манасталь,Manasteel,特殊（lv.3）,C 我從俄文翻譯,低 — 沒有官方依據,
I04G,熔岩球,熔岩球,Магмовая сфера,Magma Sphere,特殊（lv.3）,A 沿用舊合成表,高 — 玩家實際用的名字,
I07F,獵魔者護腕,,Браслет охотника на чародеев,Witch Hunter's Bracer,特殊（lv.3）,C 我從俄文翻譯,低 — 沒有官方依據,
I07S,生命護符,,Амулет жизни,Amulet of Life,特殊（lv.3）,C 我從俄文翻譯,低 — 沒有官方依據,
I016,瘟疫之斧,,Топор чумы,Plague Axe,特殊（lv.3）,C 我從俄文翻譯,低 — 沒有官方依據,
I01B,盜匪背包,,Сумка бандита,Bandit's Bag,特殊（lv.3）,C 我從俄文翻譯,低 — 沒有官方依據,
I000,破碎封印,,Сломанная печать,Broken Seal,特殊（lv.3）,C 我從俄文翻譯,低 — 沒有官方依據,
I07H,碎岩者,,Гранитолом,Granite Breaker,特殊（lv.3）,C 我從俄文翻譯,低 — 沒有官方依據,
rag1,紫水晶戒指,,Кольцо с аметистом,Amethyst Ring,特殊（lv.3）,C 我從俄文翻譯,低 — 沒有官方依據,
I07J,萬用戒指,,Универсальное кольцо,Universal Ring,特殊（lv.3）,C 我從俄文翻譯,低 — 沒有官方依據,
I085,血之護腕,迷雾之矛,Наручи крови,Bracers of Blood,特殊（lv.3）,B 我改了名字,中 — 有理由，但請確認,舊表兩件裝備共用「迷雾之矛」，這件是另一件
I05H,角鬥士頭盔,角斗士头盔,Шлем гладиатора,Gladiator's Helm,特殊（lv.3）,A 沿用舊合成表,高 — 玩家實際用的名字,
I002,遠古典籍,,Древний трактат,Ancient Treatise,特殊（lv.3）,C 我從俄文翻譯,低 — 沒有官方依據,
I04E,鍍金匕首,镀金匕首,Позолоченный кинжал,Gilded Dagger,特殊（lv.3）,A 沿用舊合成表,高 — 玩家實際用的名字,
I06Y,鐵製小圓盾,,Железный баклер,Iron Buckler,特殊（lv.3）,C 我從俄文翻譯,低 — 沒有官方依據,
I07G,附魔之爪,,Зачарованные когти,Enchanted Claws,特殊（lv.3）,C 我從俄文翻譯,低 — 沒有官方依據,
I086,零時迷子,零时迷子,Окалиновый конструкт,Scale Construct,特殊（lv.3）,A 沿用舊合成表,高 — 玩家實際用的名字,
I00N,雷霆環,,Грозовой обруч,Storm Circlet,特殊（lv.3）＋風暴,C 我從俄文翻譯,低 — 沒有官方依據,
I099,風暴侍僧手套,,Перчатки адепта Бури,Storm Adept's Gloves,特殊（lv.3）＋風暴,C 我從俄文翻譯,低 — 沒有官方依據,
sora,風暴護身符,风暴护身符,Амулет грозы,Storm Amulet,特殊（lv.3）＋風暴,A 沿用舊合成表,高 — 玩家實際用的名字,
I0AW,騎士之劍,,Рыцарский меч,Knight's Sword,特殊（lv.3）,C 我從俄文翻譯,低 — 沒有官方依據,
I04X,骨甲,骨甲,Костяная броня,Bone Armor,特殊（lv.3）,A 沿用舊合成表,高 — 玩家實際用的名字,
I042,鹹魚傑作,咸鱼杰作,Геодомон,Geodemon,特殊（lv.3）,A 沿用舊合成表,高 — 玩家實際用的名字,
I043,黑暗之靴,,Темные сапоги,Dark Boots,特殊（lv.3）＋深淵,C 我從俄文翻譯,低 — 沒有官方依據,
I046,黑暗鎧甲,,Темный доспех,Dark Armor,特殊（lv.3）＋深淵,C 我從俄文翻譯,低 — 沒有官方依據,
I077,先鋒之凱鎧,先锋之凯铠,Доспехи авангарда,Vanguard Armor,特殊（lv.4）,A 沿用舊合成表,高 — 玩家實際用的名字,
I052,吞噬萬物,,Всепоглощающее,All-Devouring,特殊（lv.4）＋深淵,C 我從俄文翻譯,低 — 沒有官方依據,
I089,吸收器,,Поглотитель,Absorber,特殊（lv.4）,C 我從俄文翻譯,低 — 沒有官方依據,
I092,失重毒刺,失重毒刺,Невесомое жало,Weightless Sting,特殊（lv.4）,A 沿用舊合成表,高 — 玩家實際用的名字,
I07B,守衛之弩,,Арбалет стража,Guardian's Crossbow,特殊（lv.4）,C 我從俄文翻譯,低 — 沒有官方依據,
I06R,守護護符,,Оберегающий амулет,Warding Amulet,特殊（lv.4）,C 我從俄文翻譯,低 — 沒有官方依據,
I006,寒冰長矛,,Ледяное копье,Frost Spear,特殊（lv.4）,C 我從俄文翻譯,低 — 沒有官方依據,
I087,導師手套,,Перчатки наставника,Mentor's Gloves,特殊（lv.4）,C 我從俄文翻譯,低 — 沒有官方依據,
I09G,幸運馬蹄鐵,,Счастливая подкова,Lucky Horseshoe,特殊（lv.4）,C 我從俄文翻譯,低 — 沒有官方依據,
I079,收割項鍊,,Ожерелье жатвы,Necklace of Harvest,特殊（lv.4）,C 我從俄文翻譯,低 — 沒有官方依據,
I08V,構造之球,构造之球,Конструкт-сфера,Construct Sphere,特殊（lv.4）,A 沿用舊合成表,高 — 玩家實際用的名字,
I078,洞察之戒,,Кольцо проницательности,Ring of Insight,特殊（lv.4）,C 我從俄文翻譯,低 — 沒有官方依據,
I01A,淬鍊鎖甲,,Закаленная кольчуга,Tempered Chainmail,特殊（lv.4）＋英勇,C 我從俄文翻譯,低 — 沒有官方依據,
I08H,白盾,,Белый щит,White Shield,特殊（lv.4）,C 我從俄文翻譯,低 — 沒有官方依據,
I053,知善惡果,知善恶果,Запретный плод,Forbidden Fruit,特殊（lv.4）,A 沿用舊合成表,高 — 玩家實際用的名字,
I07R,精靈之刃,,Эльфийский клинок,Elven Blade,特殊（lv.4）,C 我從俄文翻譯,低 — 沒有官方依據,
I009,納瓦爾,,Нагваль,Nagual,特殊（lv.4）＋深淵,C 我從俄文翻譯,低 — 沒有官方依據,
I0AJ,英勇之錘,,Молот Доблести,Valor Hammer,特殊（lv.4）＋英勇,C 我從俄文翻譯,低 — 沒有官方依據,
I049,英勇鎧甲,,Доспех Доблести,Valor Armor,特殊（lv.4）＋英勇,C 我從俄文翻譯,低 — 沒有官方依據,
I01M,裝甲護手,,Бронерукавица,Armored Gauntlet,特殊（lv.4）,C 我從俄文翻譯,低 — 沒有官方依據,
I07C,詛咒法杖,,Посох проклятий,Staff of Curses,特殊（lv.4）,C 我從俄文翻譯,低 — 沒有官方依據,
I08I,詛咒者之弩,,Арбалет проклинателя,Curser's Crossbow,特殊（lv.4）,C 我從俄文翻譯,低 — 沒有官方依據,
I07N,雷霆之靴,,Грозовые сапоги,Storm Boots,特殊（lv.4）＋風暴,C 我從俄文翻譯,低 — 沒有官方依據,
I0AL,風暴之錘,,Молот Шторма,Storm Hammer,特殊（lv.4）＋風暴,C 我從俄文翻譯,低 — 沒有官方依據,
I098,風暴冠冕,,Венец Шторма,Storm Crown,特殊（lv.4）＋風暴,C 我從俄文翻譯,低 — 沒有官方依據,
I044,黑暗手套,,Темные перчатки,Dark Gloves,特殊（lv.4）＋深淵,C 我從俄文翻譯,低 — 沒有官方依據,
I06S,黑曜石,刺客之刺,Обсидиан,Obsidian,特殊（lv.4）,B 我改了名字,中 — 有理由，但請確認,舊表兩件裝備共用「刺客之刺」，這件是另一件
horl,執政官之帷,,Покров Архонта,Archon's Shroud,特殊（lv.5++）,C 我從俄文翻譯,低 — 沒有官方依據,
bfhr,守護巨龍,,Дракон-хранитель,Guardian Dragon,特殊（lv.5++）,C 我從俄文翻譯,低 — 沒有官方依據,
shhn,惡魔鎧甲,,Доспех демона,Demon Armor,特殊（lv.5++）＋地獄,C 我從俄文翻譯,低 — 沒有官方依據,
oslo,林后之冠,,Корона Королевы Рощи,Crown of the Grove Queen,特殊（lv.5++）,C 我從俄文翻譯,低 — 沒有官方依據,
sor6,死亡華爾滋,,Вальс смерти,Waltz of Death,特殊（lv.5++）,C 我從俄文翻譯,低 — 沒有官方依據,
ccmd,永恆玫瑰,,Роза Вечности,Rose of Eternity,特殊（lv.5++）,C 我從俄文翻譯,低 — 沒有官方依據,
shtm,海克斯科技,,Хекстек,Hextech,特殊（lv.5++）＋風暴,C 我從俄文翻譯,低 — 沒有官方依據,
cosl,王者之劍,,Экскалибур,Excalibur,特殊（lv.5++）,C 我從俄文翻譯,低 — 沒有官方依據,
gldo,神聖手環,,Божественные браслеты,Divine Bracers,特殊（lv.5++）,C 我從俄文翻譯,低 — 沒有官方依據,
tmmt,耶利哥,,Иерихон,Jericho,特殊（lv.5++）＋英勇,C 我從俄文翻譯,低 — 沒有官方依據,
hbth,遺忘之矛,,Копье Забвения,Spear of Oblivion,特殊（lv.5++）＋深淵,C 我從俄文翻譯,低 — 沒有官方依據,
I00Y,靈魂護符,,Амулет Души,Amulet of Souls,特殊（lv.5++）,C 我從俄文翻譯,低 — 沒有官方依據,
arsc,靜謐,,Штиль,Stillness,特殊（lv.5++）,C 我從俄文翻譯,低 — 沒有官方依據,
I0AC,三位一體,,Триада,Triad,特殊（lv.5+）＋英勇＋深淵＋風暴,C 我從俄文翻譯,低 — 沒有官方依據,
I0AX,不可名狀之悔,,Непостижимое сожаление,Unfathomable Regret,特殊（lv.5+）,C 我從俄文翻譯,低 — 沒有官方依據,
I0A9,傲羅斗篷,,Мантия мракоборца,Auror's Mantle,特殊（lv.5+）,C 我從俄文翻譯,低 — 沒有官方依據,
I0B0,叛徒鎧甲,,Доспех ренегата,Renegade's Armor,特殊（lv.5+）,C 我從俄文翻譯,低 — 沒有官方依據,
I0AZ,吸收加速器,,Поглощающий акселератор,Absorbing Accelerator,特殊（lv.5+）,C 我從俄文翻譯,低 — 沒有官方依據,
I081,地獄之盾,,Адский щит,Infernal Shield,特殊（lv.5+）＋地獄,C 我從俄文翻譯,低 — 沒有官方依據,
I00A,均衡者,,Уравнитель,Equalizer,特殊（lv.5+）,C 我從俄文翻譯,低 — 沒有官方依據,
I0A7,埃洛波達之羽,,Перо Аэллоподы,Aellopoda's Feather,特殊（lv.5+）,C 我從俄文翻譯,低 — 沒有官方依據,
I0A8,守護者護肩,,Наплечники хранителя,Keeper's Pauldrons,特殊（lv.5+）,C 我從俄文翻譯,低 — 沒有官方依據,
I069,弒神者,,Богоубийца,Godslayer,特殊（lv.5+）＋地獄,C 我從俄文翻譯,低 — 沒有官方依據,
I070,惡魔步伐,,Поступь демона,Demon's Stride,特殊（lv.5+）＋地獄,C 我從俄文翻譯,低 — 沒有官方依據,
dtsb,戈姆刺針,,Гом Джаббар,Gom Jabbar,特殊（lv.5+）,C 我從俄文翻譯,低 — 沒有官方依據,
I00V,拆解者,,Демолитрон,Demolitron,特殊（lv.5+）＋地獄,C 我從俄文翻譯,低 — 沒有官方依據,
I00B,洪流項鍊,,Ожерелье потока,Necklace of Flow,特殊（lv.5+）,C 我從俄文翻譯,低 — 沒有官方依據,
I06V,深淵之眼,,Око Бездны,Eye of the Abyss,特殊（lv.5+）＋深淵,C 我從俄文翻譯,低 — 沒有官方依據,
I07E,深淵收割者,,Жнец Бездны,Reaper of the Abyss,特殊（lv.5+）＋深淵,C 我從俄文翻譯,低 — 沒有官方依據,
I0AA,王室火槍,,Королевское ружье,Royal Musket,特殊（lv.5+）,C 我從俄文翻譯,低 — 沒有官方依據,
tbar,生機之心,,Живительное сердце,Vivifying Heart,特殊（lv.5+）,C 我從俄文翻譯,低 — 沒有官方依據,
I0A5,窺伺者,,Соглядатай,Watcher,特殊（lv.5+）,C 我從俄文翻譯,低 — 沒有官方依據,
I01P,耶夢加得之戒,,Кольцо Ёрмунганда,Ring of Jormungandr,特殊（lv.5+）,C 我從俄文翻譯,低 — 沒有官方依據,
I059,英勇拳套,,Цестус Доблести,Valor Cestus,特殊（lv.5+）＋英勇,C 我從俄文翻譯,低 — 沒有官方依據,
I048,英勇頭盔,,Шлем Доблести,Valor Helm,特殊（lv.5+）＋英勇,C 我從俄文翻譯,低 — 沒有官方依據,
I0AY,邊境守衛,,Страж рубежа,Border Warden,特殊（lv.5+）,C 我從俄文翻譯,低 — 沒有官方依據,
I0A4,鎖心之戒,,Кольцо окклюмента,Ring of Occlumency,特殊（lv.5+）,C 我從俄文翻譯,低 — 沒有官方依據,
I0A6,隱形斗篷,,Плащ-невидимка,Cloak of Invisibility,特殊（lv.5+）,C 我從俄文翻譯,低 — 沒有官方依據,
I096,雷霆之主,,Громовержец,Thunderer,特殊（lv.5+）＋風暴,C 我從俄文翻譯,低 — 沒有官方依據,
I09B,風暴之盾,,Щит Шторма,Storm Shield,特殊（lv.5+）＋風暴,C 我從俄文翻譯,低 — 沒有官方依據,
I0AB,黃金鎧甲,,Золотые доспехи,Golden Armor,特殊（lv.5+）,C 我從俄文翻譯,低 — 沒有官方依據,
I088,不朽法冠,,Нетленная митра,Imperishable Mitre,特殊（lv.5）,C 我從俄文翻譯,低 — 沒有官方依據,
I07Q,九頭蛇之尾,,"""Хвост гидры""",Hydra's Tail,特殊（lv.5）,C 我從俄文翻譯,低 — 沒有官方依據,
I01H,占星者之弓,,Лук звездочёта,Stargazer's Bow,特殊（lv.5）,C 我從俄文翻譯,低 — 沒有官方依據,
I06U,吸血骨鈴,吸血骨铃,Костяные колокольчики,Bone Chimes,特殊（lv.5）,A 沿用舊合成表,高 — 玩家實際用的名字,
I008,均衡之印,均衡之印,Эмблема равновесия,Emblem of Balance,特殊（lv.5）,A 沿用舊合成表,高 — 玩家實際用的名字,
I07D,夙願,夙愿,Прощальное желание,Parting Wish,特殊（lv.5）,A 沿用舊合成表,高 — 玩家實際用的名字,
I07P,夜之戒,,Кольцо Ночи,Ring of Night,特殊（lv.5）,C 我從俄文翻譯,低 — 沒有官方依據,
I08J,大師手套,,Перчатки мастера,Master's Gloves,特殊（lv.5）,C 我從俄文翻譯,低 — 沒有官方依據,
I091,天使頭盔,,Шлем ангела,Angel's Helm,特殊（lv.5）＋英勇,C 我從俄文翻譯,低 — 沒有官方依據,
I076,幻影手套,,Перчатки фантома,Phantom Gloves,特殊（lv.5）,C 我從俄文翻譯,低 — 沒有官方依據,
I017,幽魂匕首,,Призрачный кинжал,Spectral Dagger,特殊（lv.5）,C 我從俄文翻譯,低 — 沒有官方依據,
I08K,怒火戰斧,怒火战斧,Секира ярости,Axe of Fury,特殊（lv.5）,A 沿用舊合成表,高 — 玩家實際用的名字,
I07A,救贖腰帶,,Пояс спасения,Belt of Salvation,特殊（lv.5）,C 我從俄文翻譯,低 — 沒有官方依據,
I007,最後通牒,最后通牒,Ультима,Ultima,特殊（lv.5）,A 沿用舊合成表,高 — 玩家實際用的名字,
I09W,死亡護符,,Амулет смерти,Amulet of Death,特殊（lv.5）,C 我從俄文翻譯,低 — 沒有官方依據,
I06X,水晶法杖,水晶法杖,Кристальный посох,Crystal Staff,特殊（lv.5）,A 沿用舊合成表,高 — 玩家實際用的名字,
I047,深淵之劍,,Меч Бездны,Sword of the Abyss,特殊（lv.5）＋深淵,C 我從俄文翻譯,低 — 沒有官方依據,
I07M,火山之戒,,Вулканическое кольцо,Volcanic Ring,特殊（lv.5）,C 我從俄文翻譯,低 — 沒有官方依據,
I06A,熾熱核心,,Раскаленное ядро,Molten Core,特殊（lv.5）＋地獄,C 我從俄文翻譯,低 — 沒有官方依據,
I06B,狂信者鎧甲,,Доспех изувера,Zealot's Armor,特殊（lv.5）＋地獄,C 我從俄文翻譯,低 — 沒有官方依據,
I06C,狂信者頭盔,,Шлем изувера,Zealot's Helm,特殊（lv.5）＋地獄,C 我從俄文翻譯,低 — 沒有官方依據,
I004,祕密寶盒,,Тайная шкатулка,Secret Casket,特殊（lv.5）,C 我從俄文翻譯,低 — 沒有官方依據,
I071,祭司長袍,,Одеяние иерофанта,Hierophant's Robe,特殊（lv.5）,C 我從俄文翻譯,低 — 沒有官方依據,
I068,苦難面具,,Маска страданий,Mask of Suffering,特殊（lv.5）＋地獄,C 我從俄文翻譯,低 — 沒有官方依據,
I00M,英勇腰帶,,Пояс Доблести,Valor Belt,特殊（lv.5）＋英勇,C 我從俄文翻譯,低 — 沒有官方依據,
I0AK,英勇警鐘,,Набат Доблести,Valor Tocsin,特殊（lv.5）＋英勇,C 我從俄文翻譯,低 — 沒有官方依據,
I0AN,蔑視者之戒,,Кольцо презирателя,Ring of the Scornful,特殊（lv.5）,C 我從俄文翻譯,低 — 沒有官方依據,
I067,薩弗拉斯,,Сульфурас,Sulfuras,特殊（lv.5）＋地獄,C 我從俄文翻譯,低 — 沒有官方依據,
I07K,防禦堡壘,防御堡垒,Бастион,Bastion,特殊（lv.5）,A 沿用舊合成表,高 — 玩家實際用的名字,
I0AM,雷霆之刃,,Грозовой клинок,Storm Blade,特殊（lv.5）＋風暴,C 我從俄文翻譯,低 — 沒有官方依據,
I09A,風暴之靴,,Сапоги Шторма,Storm Boots (Greater),特殊（lv.5）＋風暴,C 我從俄文翻譯,低 — 沒有官方依據,
I045,黑色頭盔,,Черный шлем,Black Helm,特殊（lv.5）＋深淵,C 我從俄文翻譯,低 — 沒有官方依據,
rwiz,咒術師項鍊,,Ожерелье заклинателя,Spellcaster's Necklace,獨特,C 我從俄文翻譯,低 — 沒有官方依據,
rde2,完美力量戒指,,Безупречное кольцо силы,Flawless Ring of Strength,獨特,C 我從俄文翻譯,低 — 沒有官方依據,
belv,完美敏捷戒指,,Безупречное кольцо ловкости,Flawless Ring of Agility,獨特,C 我從俄文翻譯,低 — 沒有官方依據,
rde1,完美智力戒指,,Безупречное кольцо разума,Flawless Ring of Intellect,獨特,C 我從俄文翻譯,低 — 沒有官方依據,
rin1,祕銀短刀,,Мифриловые ножи,Mithril Knives,獨特,C 我從俄文翻譯,低 — 沒有官方依據,
ciri,老兵之盾,,Щит ветерана,Veteran's Shield,獨特,C 我從俄文翻譯,低 — 沒有官方依據,
clfm,術士之褲,,Штаны чародея,Sorcerer's Trousers,獨特,C 我從俄文翻譯,低 — 沒有官方依據,
mcou,衛兵之靴,,Сапоги гвардейца,Guardsman's Boots,獨特,C 我從俄文翻譯,低 — 沒有官方依據,
rde3,衛兵戰斧,,Боевой топор гвардейца,Guardsman's Battle Axe,獨特,C 我從俄文翻譯,低 — 沒有官方依據,
sbch,衛兵手套,,Перчатки гвардейца,Guardsman's Gloves,獨特,C 我從俄文翻譯,低 — 沒有官方依據,
rlif,衛兵鎧甲,,Доспех гвардейца,Guardsman's Armor,獨特,C 我從俄文翻譯,低 — 沒有官方依據,
ajen,分離者,分离者,Секутор,Secutor,神器（lv.1）,A 沿用舊合成表,高 — 玩家實際用的名字,
shar,十字軍之刃,十字军之刃,Клинок крестоносца,Crusader's Blade,神器（lv.1）,A 沿用舊合成表,高 — 玩家實際用的名字,
oven,大奶酪,大奶酪,Головка сыра,Wheel of Cheese,神器（lv.1）,A 沿用舊合成表,高 — 玩家實際用的名字,
I00S,寒冰之球,,Сфера льда,Sphere of Ice,神器（lv.1）,C 我從俄文翻譯,低 — 沒有官方依據,
I09X,腐化之球,,Сфера разложения,Sphere of Decay,神器（lv.1）,C 我從俄文翻譯,低 — 沒有官方依據,
gsou,邪教戒指,邪教戒指,Кольцо культиста,Cultist's Ring,神器（lv.1）,A 沿用舊合成表,高 — 玩家實際用的名字,
ratf,黑暗容器,黑暗容器,Чёрный сосуд,Black Vessel,神器（lv.1）,A 沿用舊合成表,高 — 玩家實際用的名字,
afac,黑鷹吊墜,黑鹰吊坠,Подвеска ястреба,Hawk Pendant,神器（lv.1）,A 沿用舊合成表,高 — 玩家實際用的名字,
iwbr,封閉心智頭盔,封闭心智头盔,Шлем закрытого разума,Helm of the Closed Mind,神器（lv.2）,A 沿用舊合成表,高 — 玩家實際用的名字,
rre2,惡魔果實,恶魔果实,Чужеземный фрукт,Alien Fruit,神器（lv.2）,A 沿用舊合成表,高 — 玩家實際用的名字,
ckng,朱砂護符,朱砂护符,Амулет с киноварью,Cinnabar Amulet,神器（lv.2）,A 沿用舊合成表,高 — 玩家實際用的名字,
rde4,歌寂神兵,歌寂神兵,Цвайхендер,Zweihander,神器（lv.2）,A 沿用舊合成表,高 — 玩家實際用的名字,
shcw,矛與盾,矛与盾,Антиномия,Antinomy,神器（lv.2）,A 沿用舊合成表,高 — 玩家實際用的名字,
asbl,諾伊斗篷,诺伊斗篷,Накидка Нойты,Noita's Cloak,神器（lv.2）,A 沿用舊合成表,高 — 玩家實際用的名字,
sbok,黃道十二宮,黄道十二宫,Зодиак,Zodiac,神器（lv.2）,A 沿用舊合成表,高 — 玩家實際用的名字,
tfar,優雅吊墜,优雅吊坠,Изящная подвеска,Elegant Pendant,神器（lv.3）,A 沿用舊合成表,高 — 玩家實際用的名字,
hval,判官,判官,Судья,Judge,神器（lv.3）,A 沿用舊合成表,高 — 玩家實際用的名字,
kpin,大法師長袍,大法师长袍,Роба архимага,Archmage's Robe,神器（lv.3）,A 沿用舊合成表,高 — 玩家實際用的名字,
desc,烈焰法杖,烈焰法杖,Скипетр пламени,Scepter of Flame,神器（lv.3）,A 沿用舊合成表,高 — 玩家實際用的名字,
gemt,聖女之血,圣女之血,Кровь Девы,Maiden's Blood,神器（lv.3）,A 沿用舊合成表,高 — 玩家實際用的名字,
I09Y,腐化之冠,,Корона разложения,Crown of Decay,神器（lv.3）,C 我從俄文翻譯,低 — 沒有官方依據,
ram4,超凡護符,超凡护符,Потусторонний амулет,Otherworldly Amulet,神器（lv.3）,A 沿用舊合成表,高 — 玩家實際用的名字,
tkno,野獸之盾,野兽之盾,Щит Зверя,Shield of the Beast,神器（lv.3）,A 沿用舊合成表,高 — 玩家實際用的名字,
fgrd,大法師權杖,大法师权杖,Посох архимага,Archmage's Staff,神器（lv.4）,A 沿用舊合成表,高 — 玩家實際用的名字,
tbak,帝王鎧甲,帝王铠甲,Доспехи Императора,Emperor's Armor,神器（lv.4）,A 沿用舊合成表,高 — 玩家實際用的名字,
fgfh,復仇之手,复仇之手,Карающая длань,Punishing Hand,神器（lv.4）,A 沿用舊合成表,高 — 玩家實際用的名字,
prvt,撕裂末日,撕裂末日,Эквилибриум,Equilibrium,神器（lv.4）,A 沿用舊合成表,高 — 玩家實際用的名字,
ram3,永恆之夢,永恒之梦,Объятия вечного сна,Embrace of Eternal Sleep,神器（lv.4）,A 沿用舊合成表,高 — 玩家實際用的名字,
grsl,災妄之星,灾妄之星,Вельвера,Velvera,神器（lv.4）,A 沿用舊合成表,高 — 玩家實際用的名字,
lgdh,無限手套,,Перчатка Бесконечности,Infinity Gauntlet,神器（lv.4）,C 我從俄文翻譯,低 — 沒有官方依據,
ram2,生命之冠,生命之冠,Корона Жизни,Crown of Life,神器（lv.4）,A 沿用舊合成表,高 — 玩家實際用的名字,
tmsc,雷霆戰斧,雷霆战斧,Гром-секира,Thunder Axe,神器（lv.4）,A 沿用舊合成表,高 — 玩家實際用的名字,
crys,月光寶劍,月光宝剑,Разящий полумесяц,Striking Crescent,神器（lv.5）,A 沿用舊合成表,高 — 玩家實際用的名字,
mnsf,水晶項鍊,水晶项链,Кристаллическое ожерелье,Crystalline Necklace,神器（lv.5）,A 沿用舊合成表,高 — 玩家實際用的名字,
rat3,永恆聖木,,Калигнум Эонис,Calignum Aeonis,神器（lv.5）,C 我從俄文翻譯,低 — 沒有官方依據,
spre,泰坦神拳,泰坦神拳,Кулак титана,Titan's Fist,神器（lv.5）,A 沿用舊合成表,高 — 玩家實際用的名字,
ofro,獅子星座,狮子星座,Созвездие,Constellation,神器（lv.5）,A 沿用舊合成表,高 — 玩家實際用的名字,
modt,王國宙斯盾,王国宙斯盾,Эгида королей,Aegis of Kings,神器（lv.5）,A 沿用舊合成表,高 — 玩家實際用的名字,
axas,鋼鐵奉獻,钢铁奉献,Стальное посвящение,Steel Devotion,神器（lv.5）,A 沿用舊合成表,高 — 玩家實際用的名字,
hcun,侍僧之褲,,Штаны адепта,Adept's Trousers,稀有,C 我從俄文翻譯,低 — 沒有官方依據,
cnob,堅固盾牌,,Прочный щит,Sturdy Shield,稀有,C 我從俄文翻譯,低 — 沒有官方依據,
rhth,士兵之靴,,Сапоги солдата,Soldier's Boots,稀有,C 我從俄文翻譯,低 — 沒有官方依據,
rat9,強力力量戒指,,Мощное кольцо силы,Potent Ring of Strength,稀有,C 我從俄文翻譯,低 — 沒有官方依據,
ratc,強力敏捷戒指,,Мощное кольцо ловкости,Potent Ring of Agility,稀有,C 我從俄文翻譯,低 — 沒有官方依據,
rat6,強力智力戒指,,Мощное кольцо разума,Potent Ring of Intellect,稀有,C 我從俄文翻譯,低 — 沒有官方依據,
dsum,強化手套,,Укрепленные перчатки,Reinforced Gloves,稀有,C 我從俄文翻譯,低 — 沒有官方依據,
penr,板甲,,Латный доспех,Plate Armor,稀有,C 我從俄文翻譯,低 — 沒有官方依據,
pmna,磨利短刀,,Заточенные ножи,Sharpened Knives,稀有,C 我從俄文翻譯,低 — 沒有官方依據,
spsh,鋸齒斧,,Зазубренный топор,Jagged Axe,稀有,C 我從俄文翻譯,低 — 沒有官方依據,
ward,魔法項鍊,,Магическое ожерелье,Magic Necklace,稀有,C 我從俄文翻譯,低 — 沒有官方依據,
I01F,智慧符文,,Руна мудрости,Rune of Wisdom,符文,C 我從俄文翻譯,低 — 沒有官方依據,
I01G,腐化符文,,Руна скверны,Rune of Corruption,符文,C 我從俄文翻譯,低 — 沒有官方依據,
I01E,血之符文,,Руна крови,Rune of Blood,符文,C 我從俄文翻譯,低 — 沒有官方依據,
I01D,貪婪符文,,Руна алчности,Rune of Greed,符文,C 我從俄文翻譯,低 — 沒有官方依據,
I00E,星界耳環,,Астральные серьги,Astral Earrings,耳環,C 我從俄文翻譯,低 — 沒有官方依據,
I00P,紅寶石耳環,,Рубиновые серьги,Ruby Earrings,耳環,C 我從俄文翻譯,低 — 沒有官方依據,
I00F,翡翠耳環,,Изумрудные серьги,Emerald Earrings,耳環,C 我從俄文翻譯,低 — 沒有官方依據,
I00Q,藍寶石耳環,,Сапфировые серьги,Sapphire Earrings,耳環,C 我從俄文翻譯,低 — 沒有官方依據,
I00O,黃金耳環,,Золотые серьги,Golden Earrings,耳環,C 我從俄文翻譯,低 — 沒有官方依據,
I029,不詳之盾,不详之盾,Зловещий щит,Ominous Shield,聖物,A 沿用舊合成表,高 — 玩家實際用的名字,
I028,信仰之錘,信仰之锤,Молот веры,Hammer of Faith,聖物,A 沿用舊合成表,高 — 玩家實際用的名字,
I00T,瓊漿玉液,琼浆玉液,Амброзия,Ambrosia,聖物,A 沿用舊合成表,高 — 玩家實際用的名字,
I03D,穿刺長矛,穿刺长矛,Разящее копьё,Striking Spear,聖物,A 沿用舊合成表,高 — 玩家實際用的名字,
kysn,低語觸手,,Шепчущее щупальце,Whispering Tentacle,萬聖節,C 我從俄文翻譯,低 — 沒有官方依據,
bzbe,吞噬之盾,,Пожирающий щит,Devouring Shield,萬聖節,C 我從俄文翻譯,低 — 沒有官方依據,
sehr,吸血之球,,Сфера вампиризма,Sphere of Vampirism,萬聖節,C 我從俄文翻譯,低 — 沒有官方依據,
bzbf,女巫的詛咒,,Проклятия ведьмы,Witch's Curses,萬聖節,C 我從俄文翻譯,低 — 沒有官方依據,
azhr,女巫的贈禮,,Дары ведьмы,Witch's Gifts,萬聖節,C 我從俄文翻譯,低 — 沒有官方依據,
cnhn,幽魂之刃,,Призрачный клинок,Spectral Blade,萬聖節,C 我從俄文翻譯,低 — 沒有官方依據,
ches,恐懼之握,,Хватка ужаса,Grip of Terror,萬聖節,C 我從俄文翻譯,低 — 沒有官方依據,
sor8,悲慟之刃,,Лезвие скорби,Blade of Sorrow,萬聖節,C 我從俄文翻譯,低 — 沒有官方依據,
sor7,惡靈匣,,Шкатулка Диббука,Dybbuk Box,萬聖節,C 我從俄文翻譯,低 — 沒有官方依據,
sor9,普巴金剛橛,,Пхурба Кила,Phurba Kila,萬聖節,C 我從俄文翻譯,低 — 沒有官方依據,
sclp,血之貢品,,Кровавая дань,Blood Tribute,萬聖節,C 我從俄文翻譯,低 — 沒有官方依據,
jpnt,靈魂之石,,Камень душ,Soul Stone,萬聖節,C 我從俄文翻譯,低 — 沒有官方依據,
rots,儀式面具,,Ритуальная маска,Ritual Mask,附加,C 我從俄文翻譯,低 — 沒有官方依據,
amrc,希望護符,,Амулет надежды,Amulet of Hope,附加,C 我從俄文翻譯,低 — 沒有官方依據,
gobm,戰旗,,Боевое знамя,Battle Banner,附加,C 我從俄文翻譯,低 — 沒有官方依據,
btst,戰鬥號角,,Рог битвы,Horn of Battle,附加,C 我從俄文翻譯,低 — 沒有官方依據,
stwa,符文手環,,Рунные браслеты,Runed Bracers,附加,C 我從俄文翻譯,低 — 沒有官方依據,
brag,閃現,,Блинк,Blink,附加,C 我從俄文翻譯,低 — 沒有官方依據,
srtl,閃電法杖,,Жезл молний,Wand of Lightning,附加,C 我從俄文翻譯,低 — 沒有官方依據,
uflg,魔咒法杖,,Посох чар,Staff of Charms,附加,C 我從俄文翻譯,低 — 沒有官方依據,
soul,魔法寶珠,魔法宝珠,Магическая сфера,Magic Sphere,附加,A 沿用舊合成表,高 — 玩家實際用的名字,
olig,鶴嘴鎬,,Кирка,Pickaxe,附加,C 我從俄文翻譯,低 — 沒有官方依據,
